date,sunrise,sunset,nautical_twilight_begin,civil_twilight_begin,day_length
2025-01-01,2025-01-01T07:03:21+00:00,2025-01-01T14:34:52+00:00,2025-01-01T05:35:45+00:00,2025-01-01T06:22:00+00:00,27091
2025-01-02,2025-01-02T07:03:07+00:00,2025-01-02T14:36:02+00:00,2025-01-02T05:35:40+00:00,2025-01-02T06:21:52+00:00,27175
2025-01-03,2025-01-03T07:02:50+00:00,2025-01-03T14:37:15+00:00,2025-01-03T05:35:33+00:00,2025-01-03T06:21:40+00:00,27265
2025-01-04,2025-01-04T07:02:28+00:00,2025-01-04T14:38:31+00:00,2025-01-04T05:35:22+00:00,2025-01-04T06:21:25+00:00,27363
2025-01-05,2025-01-05T07:02:03+00:00,2025-01-05T14:39:49+00:00,2025-01-05T05:35:08+00:00,2025-01-05T06:21:06+00:00,27466
2025-01-06,2025-01-06T07:01:34+00:00,2025-01-06T14:41:11+00:00,2025-01-06T05:34:52+00:00,2025-01-06T06:20:44+00:00,27577
2025-01-07,2025-01-07T07:01:02+00:00,2025-01-07T14:42:35+00:00,2025-01-07T05:34:32+00:00,2025-01-07T06:20:19+00:00,27693
2025-01-08,2025-01-08T07:00:26+00:00,2025-01-08T14:44:02+00:00,2025-01-08T05:34:09+00:00,2025-01-08T06:19:51+00:00,27816
2025-01-09,2025-01-09T06:59:46+00:00,2025-01-09T14:45:31+00:00,2025-01-09T05:33:44+00:00,2025-01-09T06:19:19+00:00,27945
2025-01-10,2025-01-10T06:59:03+00:00,2025-01-10T14:47:03+00:00,2025-01-10T05:33:15+00:00,2025-01-10T06:18:44+00:00,28080
2025-01-11,2025-01-11T06:58:17+00:00,2025-01-11T14:48:36+00:00,2025-01-11T05:32:43+00:00,2025-01-11T06:18:06+00:00,28219
2025-01-12,2025-01-12T06:57:27+00:00,2025-01-12T14:50:12+00:00,2025-01-12T05:32:08+00:00,2025-01-12T06:17:25+00:00,28365
2025-01-13,2025-01-13T06:56:34+00:00,2025-01-13T14:51:50+00:00,2025-01-13T05:31:31+00:00,2025-01-13T06:16:41+00:00,28516
2025-01-14,2025-01-14T06:55:38+00:00,2025-01-14T14:53:30+00:00,2025-01-14T05:30:50+00:00,2025-01-14T06:15:53+00:00,28672
2025-01-15,2025-01-15T06:54:38+00:00,2025-01-15T14:55:12+00:00,2025-01-15T05:30:06+00:00,2025-01-15T06:15:03+00:00,28834
2025-01-16,2025-01-16T06:53:36+00:00,2025-01-16T14:56:56+00:00,2025-01-16T05:29:20+00:00,2025-01-16T06:14:10+00:00,29000
2025-01-17,2025-01-17T06:52:30+00:00,2025-01-17T14:58:41+00:00,2025-01-17T05:28:31+00:00,2025-01-17T06:13:13+00:00,29171
2025-01-18,2025-01-18T06:51:21+00:00,2025-01-18T15:00:28+00:00,2025-01-18T05:27:39+00:00,2025-01-18T06:12:14+00:00,29347
2025-01-19,2025-01-19T06:50:10+00:00,2025-01-19T15:02:17+00:00,2025-01-19T05:26:44+00:00,2025-01-19T06:11:12+00:00,29527
2025-01-20,2025-01-20T06:48:55+00:00,2025-01-20T15:04:07+00:00,2025-01-20T05:25:46+00:00,2025-01-20T06:10:07+00:00,29712
2025-01-21,2025-01-21T06:47:38+00:00,2025-01-21T15:05:58+00:00,2025-01-21T05:24:46+00:00,2025-01-21T06:09:00+00:00,29900
2025-01-22,2025-01-22T06:46:18+00:00,2025-01-22T15:07:50+00:00,2025-01-22T05:23:43+00:00,2025-01-22T06:07:49+00:00,30092
2025-01-23,2025-01-23T06:44:55+00:00,2025-01-23T15:09:44+00:00,2025-01-23T05:22:37+00:00,2025-01-23T06:06:36+00:00,30289
2025-01-24,2025-01-24T06:43:30+00:00,2025-01-24T15:11:38+00:00,2025-01-24T05:21:29+00:00,2025-01-24T06:05:21+00:00,30488
2025-01-25,2025-01-25T06:42:02+00:00,2025-01-25T15:13:34+00:00,2025-01-25T05:20:18+00:00,2025-01-25T06:04:02+00:00,30692
2025-01-26,2025-01-26T06:40:31+00:00,2025-01-26T15:15:30+00:00,2025-01-26T05:19:04+00:00,2025-01-26T06:02:42+00:00,30899
2025-01-27,2025-01-27T06:38:58+00:00,2025-01-27T15:17:28+00:00,2025-01-27T05:17:48+00:00,2025-01-27T06:01:19+00:00,31110
2025-01-28,2025-01-28T06:37:23+00:00,2025-01-28T15:19:25+00:00,2025-01-28T05:16:30+00:00,2025-01-28T05:59:53+00:00,31322
2025-01-29,2025-01-29T06:35:46+00:00,2025-01-29T15:21:24+00:00,2025-01-29T05:15:09+00:00,2025-01-29T05:58:25+00:00,31538
2025-01-30,2025-01-30T06:34:06+00:00,2025-01-30T15:23:23+00:00,2025-01-30T05:13:46+00:00,2025-01-30T05:56:55+00:00,31757
2025-01-31,2025-01-31T06:32:24+00:00,2025-01-31T15:25:23+00:00,2025-01-31T05:12:20+00:00,2025-01-31T05:55:22+00:00,31979
2025-02-01,2025-02-01T06:30:40+00:00,2025-02-01T15:27:23+00:00,2025-02-01T05:10:52+00:00,2025-02-01T05:53:47+00:00,32203
2025-02-02,2025-02-02T06:28:54+00:00,2025-02-02T15:29:24+00:00,2025-02-02T05:09:21+00:00,2025-02-02T05:52:10+00:00,32430
2025-02-03,2025-02-03T06:27:06+00:00,2025-02-03T15:31:25+00:00,2025-02-03T05:07:49+00:00,2025-02-03T05:50:31+00:00,32659
2025-02-04,2025-02-04T06:25:16+00:00,2025-02-04T15:33:26+00:00,2025-02-04T05:06:14+00:00,2025-02-04T05:48:50+00:00,32890
2025-02-05,2025-02-05T06:23:24+00:00,2025-02-05T15:35:28+00:00,2025-02-05T05:04:37+00:00,2025-02-05T05:47:07+00:00,33124
2025-02-06,2025-02-06T06:21:31+00:00,2025-02-06T15:37:30+00:00,2025-02-06T05:02:58+00:00,2025-02-06T05:45:22+00:00,33359
2025-02-07,2025-02-07T06:19:35+00:00,2025-02-07T15:39:32+00:00,2025-02-07T05:01:17+00:00,2025-02-07T05:43:35+00:00,33597
2025-02-08,2025-02-08T06:17:38+00:00,2025-02-08T15:41:34+00:00,2025-02-08T04:59:34+00:00,2025-02-08T05:41:46+00:00,33836
2025-02-09,2025-02-09T06:15:39+00:00,2025-02-09T15:43:36+00:00,2025-02-09T04:57:48+00:00,2025-02-09T05:39:55+00:00,34077
2025-02-10,2025-02-10T06:13:39+00:00,2025-02-10T15:45:38+00:00,2025-02-10T04:56:01+00:00,2025-02-10T05:38:02+00:00,34319
2025-02-11,2025-02-11T06:11:37+00:00,2025-02-11T15:47:40+00:00,2025-02-11T04:54:12+00:00,2025-02-11T05:36:08+00:00,34563
2025-02-12,2025-02-12T06:09:34+00:00,2025-02-12T15:49:42+00:00,2025-02-12T04:52:21+00:00,2025-02-12T05:34:12+00:00,34808
2025-02-13,2025-02-13T06:07:29+00:00,2025-02-13T15:51:44+00:00,2025-02-13T04:50:28+00:00,2025-02-13T05:32:15+00:00,35055
2025-02-14,2025-02-14T06:05:23+00:00,2025-02-14T15:53:46+00:00,2025-02-14T04:48:33+00:00,2025-02-14T05:30:15+00:00,35303
2025-02-15,2025-02-15T06:03:16+00:00,2025-02-15T15:55:48+00:00,2025-02-15T04:46:37+00:00,2025-02-15T05:28:15+00:00,35552
2025-02-16,2025-02-16T06:01:07+00:00,2025-02-16T15:57:49+00:00,2025-02-16T04:44:38+00:00,2025-02-16T05:26:12+00:00,35802
2025-02-17,2025-02-17T05:58:57+00:00,2025-02-17T15:59:51+00:00,2025-02-17T04:42:38+00:00,2025-02-17T05:24:09+00:00,36054
2025-02-18,2025-02-18T05:56:46+00:00,2025-02-18T16:01:52+00:00,2025-02-18T04:40:36+00:00,2025-02-18T05:22:03+00:00,36306
2025-02-19,2025-02-19T05:54:33+00:00,2025-02-19T16:03:53+00:00,2025-02-19T04:38:33+00:00,2025-02-19T05:19:57+00:00,36560
2025-02-20,2025-02-20T05:52:20+00:00,2025-02-20T16:05:54+00:00,2025-02-20T04:36:28+00:00,2025-02-20T05:17:49+00:00,36814
2025-02-21,2025-02-21T05:50:05+00:00,2025-02-21T16:07:55+00:00,2025-02-21T04:34:21+00:00,2025-02-21T05:15:40+00:00,37070
2025-02-22,2025-02-22T05:47:50+00:00,2025-02-22T16:09:55+00:00,2025-02-22T04:32:13+00:00,2025-02-22T05:13:29+00:00,37325
2025-02-23,2025-02-23T05:45:33+00:00,2025-02-23T16:11:55+00:00,2025-02-23T04:30:04+00:00,2025-02-23T05:11:17+00:00,37582
2025-02-24,2025-02-24T05:43:16+00:00,2025-02-24T16:13:55+00:00,2025-02-24T04:27:52+00:00,2025-02-24T05:09:04+00:00,37839
2025-02-25,2025-02-25T05:40:57+00:00,2025-02-25T16:15:55+00:00,2025-02-25T04:25:40+00:00,2025-02-25T05:06:50+00:00,38098
2025-02-26,2025-02-26T05:38:38+00:00,2025-02-26T16:17:54+00:00,2025-02-26T04:23:26+00:00,2025-02-26T05:04:35+00:00,38356
2025-02-27,2025-02-27T05:36:18+00:00,2025-02-27T16:19:53+00:00,2025-02-27T04:21:10+00:00,2025-02-27T05:02:19+00:00,38615
2025-02-28,2025-02-28T05:33:57+00:00,2025-02-28T16:21:52+00:00,2025-02-28T04:18:54+00:00,2025-02-28T05:00:02+00:00,38875
2025-03-01,2025-03-01T05:31:35+00:00,2025-03-01T16:23:51+00:00,2025-03-01T04:16:36+00:00,2025-03-01T04:57:43+00:00,39136
2025-03-02,2025-03-02T05:29:13+00:00,2025-03-02T16:25:49+00:00,2025-03-02T04:14:16+00:00,2025-03-02T04:55:24+00:00,39396
2025-03-03,2025-03-03T05:26:50+00:00,2025-03-03T16:27:47+00:00,2025-03-03T04:11:55+00:00,2025-03-03T04:53:04+00:00,39657
2025-03-04,2025-03-04T05:24:26+00:00,2025-03-04T16:29:44+00:00,2025-03-04T04:09:34+00:00,2025-03-04T04:50:42+00:00,39918
2025-03-05,2025-03-05T05:22:02+00:00,2025-03-05T16:31:42+00:00,2025-03-05T04:07:10+00:00,2025-03-05T04:48:20+00:00,40180
2025-03-06,2025-03-06T05:19:37+00:00,2025-03-06T16:33:39+00:00,2025-03-06T04:04:46+00:00,2025-03-06T04:45:57+00:00,40442
2025-03-07,2025-03-07T05:17:12+00:00,2025-03-07T16:35:36+00:00,2025-03-07T04:02:21+00:00,2025-03-07T04:43:34+00:00,40704
2025-03-08,2025-03-08T05:14:46+00:00,2025-03-08T16:37:32+00:00,2025-03-08T03:59:54+00:00,2025-03-08T04:41:09+00:00,40966
2025-03-09,2025-03-09T05:12:20+00:00,2025-03-09T16:39:29+00:00,2025-03-09T03:57:26+00:00,2025-03-09T04:38:44+00:00,41229
2025-03-10,2025-03-10T05:09:53+00:00,2025-03-10T16:41:25+00:00,2025-03-10T03:54:57+00:00,2025-03-10T04:36:18+00:00,41492
2025-03-11,2025-03-11T05:07:26+00:00,2025-03-11T16:43:21+00:00,2025-03-11T03:52:27+00:00,2025-03-11T04:33:51+00:00,41755
2025-03-12,2025-03-12T05:04:58+00:00,2025-03-12T16:45:16+00:00,2025-03-12T03:49:56+00:00,2025-03-12T04:31:24+00:00,42018
2025-03-13,2025-03-13T05:02:30+00:00,2025-03-13T16:47:12+00:00,2025-03-13T03:47:25+00:00,2025-03-13T04:28:56+00:00,42282
2025-03-14,2025-03-14T05:00:02+00:00,2025-03-14T16:49:07+00:00,2025-03-14T03:44:52+00:00,2025-03-14T04:26:28+00:00,42545
2025-03-15,2025-03-15T04:57:33+00:00,2025-03-15T16:51:02+00:00,2025-03-15T03:42:18+00:00,2025-03-15T04:23:58+00:00,42809
2025-03-16,2025-03-16T04:55:04+00:00,2025-03-16T16:52:57+00:00,2025-03-16T03:39:43+00:00,2025-03-16T04:21:29+00:00,43073
2025-03-17,2025-03-17T04:52:35+00:00,2025-03-17T16:54:51+00:00,2025-03-17T03:37:07+00:00,2025-03-17T04:18:59+00:00,43336
2025-03-18,2025-03-18T04:50:06+00:00,2025-03-18T16:56:46+00:00,2025-03-18T03:34:30+00:00,2025-03-18T04:16:28+00:00,43600
2025-03-19,2025-03-19T04:47:37+00:00,2025-03-19T16:58:40+00:00,2025-03-19T03:31:53+00:00,2025-03-19T04:13:57+00:00,43863
2025-03-20,2025-03-20T04:45:07+00:00,2025-03-20T17:00:34+00:00,2025-03-20T03:29:14+00:00,2025-03-20T04:11:25+00:00,44127
2025-03-21,2025-03-21T04:42:38+00:00,2025-03-21T17:02:28+00:00,2025-03-21T03:26:35+00:00,2025-03-21T04:08:53+00:00,44390
2025-03-22,2025-03-22T04:40:08+00:00,2025-03-22T17:04:22+00:00,2025-03-22T03:23:55+00:00,2025-03-22T04:06:21+00:00,44654
2025-03-23,2025-03-23T04:37:38+00:00,2025-03-23T17:06:16+00:00,2025-03-23T03:21:14+00:00,2025-03-23T04:03:48+00:00,44918
2025-03-24,2025-03-24T04:35:08+00:00,2025-03-24T17:08:10+00:00,2025-03-24T03:18:32+00:00,2025-03-24T04:01:15+00:00,45182
2025-03-25,2025-03-25T04:32:38+00:00,2025-03-25T17:10:04+00:00,2025-03-25T03:15:50+00:00,2025-03-25T03:58:42+00:00,45446
2025-03-26,2025-03-26T04:30:09+00:00,2025-03-26T17:11:57+00:00,2025-03-26T03:13:07+00:00,2025-03-26T03:56:08+00:00,45708
2025-03-27,2025-03-27T04:27:39+00:00,2025-03-27T17:13:51+00:00,2025-03-27T03:10:23+00:00,2025-03-27T03:53:35+00:00,45972
2025-03-28,2025-03-28T04:25:09+00:00,2025-03-28T17:15:44+00:00,2025-03-28T03:07:38+00:00,2025-03-28T03:51:01+00:00,46235
2025-03-29,2025-03-29T04:22:40+00:00,2025-03-29T17:17:37+00:00,2025-03-29T03:04:53+00:00,2025-03-29T03:48:27+00:00,46497
2025-03-30,2025-03-30T04:20:11+00:00,2025-03-30T17:19:31+00:00,2025-03-30T03:02:07+00:00,2025-03-30T03:45:52+00:00,46760
2025-03-31,2025-03-31T04:17:41+00:00,2025-03-31T17:21:24+00:00,2025-03-31T02:59:20+00:00,2025-03-31T03:43:18+00:00,47023
2025-04-01,2025-04-01T04:15:12+00:00,2025-04-01T17:23:17+00:00,2025-04-01T02:56:33+00:00,2025-04-01T03:40:43+00:00,47285
2025-04-02,2025-04-02T04:12:44+00:00,2025-04-02T17:25:11+00:00,2025-04-02T02:53:45+00:00,2025-04-02T03:38:09+00:00,47547
2025-04-03,2025-04-03T04:10:15+00:00,2025-04-03T17:27:04+00:00,2025-04-03T02:50:56+00:00,2025-04-03T03:35:34+00:00,47809
2025-04-04,2025-04-04T04:07:47+00:00,2025-04-04T17:28:57+00:00,2025-04-04T02:48:07+00:00,2025-04-04T03:32:59+00:00,48070
2025-04-05,2025-04-05T04:05:20+00:00,2025-04-05T17:30:50+00:00,2025-04-05T02:45:17+00:00,2025-04-05T03:30:25+00:00,48330
2025-04-06,2025-04-06T04:02:52+00:00,2025-04-06T17:32:44+00:00,2025-04-06T02:42:27+00:00,2025-04-06T03:27:50+00:00,48592
2025-04-07,2025-04-07T04:00:25+00:00,2025-04-07T17:34:37+00:00,2025-04-07T02:39:36+00:00,2025-04-07T03:25:15+00:00,48852
2025-04-08,2025-04-08T03:57:59+00:00,2025-04-08T17:36:30+00:00,2025-04-08T02:36:45+00:00,2025-04-08T03:22:41+00:00,49111
2025-04-09,2025-04-09T03:55:33+00:00,2025-04-09T17:38:24+00:00,2025-04-09T02:33:53+00:00,2025-04-09T03:20:07+00:00,49371
2025-04-10,2025-04-10T03:53:07+00:00,2025-04-10T17:40:17+00:00,2025-04-10T02:31:00+00:00,2025-04-10T03:17:33+00:00,49630
2025-04-11,2025-04-11T03:50:42+00:00,2025-04-11T17:42:11+00:00,2025-04-11T02:28:08+00:00,2025-04-11T03:14:59+00:00,49889
2025-04-12,2025-04-12T03:48:17+00:00,2025-04-12T17:44:04+00:00,2025-04-12T02:25:14+00:00,2025-04-12T03:12:25+00:00,50147
2025-04-13,2025-04-13T03:45:53+00:00,2025-04-13T17:45:58+00:00,2025-04-13T02:22:20+00:00,2025-04-13T03:09:52+00:00,50405
2025-04-14,2025-04-14T03:43:30+00:00,2025-04-14T17:47:51+00:00,2025-04-14T02:19:26+00:00,2025-04-14T03:07:18+00:00,50661
2025-04-15,2025-04-15T03:41:08+00:00,2025-04-15T17:49:45+00:00,2025-04-15T02:16:31+00:00,2025-04-15T03:04:46+00:00,50917
2025-04-16,2025-04-16T03:38:46+00:00,2025-04-16T17:51:38+00:00,2025-04-16T02:13:36+00:00,2025-04-16T03:02:13+00:00,51172
2025-04-17,2025-04-17T03:36:25+00:00,2025-04-17T17:53:32+00:00,2025-04-17T02:10:41+00:00,2025-04-17T02:59:41+00:00,51427
2025-04-18,2025-04-18T03:34:04+00:00,2025-04-18T17:55:25+00:00,2025-04-18T02:07:45+00:00,2025-04-18T02:57:10+00:00,51681
2025-04-19,2025-04-19T03:31:45+00:00,2025-04-19T17:57:19+00:00,2025-04-19T02:04:49+00:00,2025-04-19T02:54:38+00:00,51934
2025-04-20,2025-04-20T03:29:26+00:00,2025-04-20T17:59:13+00:00,2025-04-20T02:01:52+00:00,2025-04-20T02:52:08+00:00,52187
2025-04-21,2025-04-21T03:27:08+00:00,2025-04-21T18:01:06+00:00,2025-04-21T01:58:55+00:00,2025-04-21T02:49:38+00:00,52438
2025-04-22,2025-04-22T03:24:51+00:00,2025-04-22T18:02:59+00:00,2025-04-22T01:55:58+00:00,2025-04-22T02:47:08+00:00,52688
2025-04-23,2025-04-23T03:22:35+00:00,2025-04-23T18:04:53+00:00,2025-04-23T01:53:00+00:00,2025-04-23T02:44:39+00:00,52938
2025-04-24,2025-04-24T03:20:21+00:00,2025-04-24T18:06:46+00:00,2025-04-24T01:50:02+00:00,2025-04-24T02:42:11+00:00,53185
2025-04-25,2025-04-25T03:18:07+00:00,2025-04-25T18:08:39+00:00,2025-04-25T01:47:04+00:00,2025-04-25T02:39:44+00:00,53432
2025-04-26,2025-04-26T03:15:54+00:00,2025-04-26T18:10:32+00:00,2025-04-26T01:44:05+00:00,2025-04-26T02:37:17+00:00,53678
2025-04-27,2025-04-27T03:13:42+00:00,2025-04-27T18:12:25+00:00,2025-04-27T01:41:06+00:00,2025-04-27T02:34:51+00:00,53923
2025-04-28,2025-04-28T03:11:32+00:00,2025-04-28T18:14:18+00:00,2025-04-28T01:38:07+00:00,2025-04-28T02:32:26+00:00,54166
2025-04-29,2025-04-29T03:09:23+00:00,2025-04-29T18:16:11+00:00,2025-04-29T01:35:08+00:00,2025-04-29T02:30:02+00:00,54408
2025-04-30,2025-04-30T03:07:15+00:00,2025-04-30T18:18:03+00:00,2025-04-30T01:32:08+00:00,2025-04-30T02:27:39+00:00,54648
2025-05-01,2025-05-01T03:05:09+00:00,2025-05-01T18:19:55+00:00,2025-05-01T01:29:09+00:00,2025-05-01T02:25:16+00:00,54886
2025-05-02,2025-05-02T03:03:03+00:00,2025-05-02T18:21:47+00:00,2025-05-02T01:26:09+00:00,2025-05-02T02:22:55+00:00,55124
2025-05-03,2025-05-03T03:01:00+00:00,2025-05-03T18:23:38+00:00,2025-05-03T01:23:09+00:00,2025-05-03T02:20:35+00:00,55358
2025-05-04,2025-05-04T02:58:58+00:00,2025-05-04T18:25:29+00:00,2025-05-04T01:20:08+00:00,2025-05-04T02:18:16+00:00,55591
2025-05-05,2025-05-05T02:56:57+00:00,2025-05-05T18:27:20+00:00,2025-05-05T01:17:08+00:00,2025-05-05T02:15:59+00:00,55823
2025-05-06,2025-05-06T02:54:58+00:00,2025-05-06T18:29:10+00:00,2025-05-06T01:14:08+00:00,2025-05-06T02:13:42+00:00,56052
2025-05-07,2025-05-07T02:53:00+00:00,2025-05-07T18:30:59+00:00,2025-05-07T01:11:07+00:00,2025-05-07T02:11:27+00:00,56279
2025-05-08,2025-05-08T02:51:05+00:00,2025-05-08T18:32:48+00:00,2025-05-08T01:08:06+00:00,2025-05-08T02:09:13+00:00,56503
2025-05-09,2025-05-09T02:49:11+00:00,2025-05-09T18:34:37+00:00,2025-05-09T01:05:05+00:00,2025-05-09T02:07:01+00:00,56726
2025-05-10,2025-05-10T02:47:18+00:00,2025-05-10T18:36:24+00:00,2025-05-10T01:02:05+00:00,2025-05-10T02:04:51+00:00,56946
2025-05-11,2025-05-11T02:45:28+00:00,2025-05-11T18:38:12+00:00,2025-05-11T00:59:04+00:00,2025-05-11T02:02:42+00:00,57164
2025-05-12,2025-05-12T02:43:40+00:00,2025-05-12T18:39:58+00:00,2025-05-12T00:56:03+00:00,2025-05-12T02:00:34+00:00,57378
2025-05-13,2025-05-13T02:41:53+00:00,2025-05-13T18:41:43+00:00,2025-05-13T00:53:02+00:00,2025-05-13T01:58:29+00:00,57590
2025-05-14,2025-05-14T02:40:09+00:00,2025-05-14T18:43:28+00:00,2025-05-14T00:50:01+00:00,2025-05-14T01:56:25+00:00,57799
2025-05-15,2025-05-15T02:38:27+00:00,2025-05-15T18:45:11+00:00,2025-05-15T00:47:01+00:00,2025-05-15T01:54:23+00:00,58004
2025-05-16,2025-05-16T02:36:46+00:00,2025-05-16T18:46:54+00:00,2025-05-16T00:44:00+00:00,2025-05-16T01:52:23+00:00,58208
2025-05-17,2025-05-17T02:35:08+00:00,2025-05-17T18:48:35+00:00,2025-05-17T00:41:00+00:00,2025-05-17T01:50:25+00:00,58407
2025-05-18,2025-05-18T02:33:33+00:00,2025-05-18T18:50:16+00:00,2025-05-18T00:38:00+00:00,2025-05-18T01:48:30+00:00,58603
2025-05-19,2025-05-19T02:32:00+00:00,2025-05-19T18:51:55+00:00,2025-05-19T00:35:00+00:00,2025-05-19T01:46:36+00:00,58795
2025-05-20,2025-05-20T02:30:29+00:00,2025-05-20T18:53:32+00:00,2025-05-20T00:32:00+00:00,2025-05-20T01:44:45+00:00,58983
2025-05-21,2025-05-21T02:29:00+00:00,2025-05-21T18:55:09+00:00,2025-05-21T00:29:00+00:00,2025-05-21T01:42:57+00:00,59169
2025-05-22,2025-05-22T02:27:34+00:00,2025-05-22T18:56:44+00:00,2025-05-22T00:26:01+00:00,2025-05-22T01:41:11+00:00,59350
2025-05-23,2025-05-23T02:26:11+00:00,2025-05-23T18:58:17+00:00,2025-05-23T00:23:03+00:00,2025-05-23T01:39:27+00:00,59526
2025-05-24,2025-05-24T02:24:50+00:00,2025-05-24T18:59:48+00:00,2025-05-24T00:20:05+00:00,2025-05-24T01:37:47+00:00,59698
2025-05-25,2025-05-25T02:23:33+00:00,2025-05-25T19:01:18+00:00,2025-05-25T00:17:07+00:00,2025-05-25T01:36:09+00:00,59865
2025-05-26,2025-05-26T02:22:17+00:00,2025-05-26T19:02:46+00:00,2025-05-26T00:14:10+00:00,2025-05-26T01:34:34+00:00,60029
2025-05-27,2025-05-27T02:21:05+00:00,2025-05-27T19:04:13+00:00,2025-05-27T00:11:14+00:00,2025-05-27T01:33:02+00:00,60188
2025-05-28,2025-05-28T02:19:56+00:00,2025-05-28T19:05:37+00:00,2025-05-28T00:08:18+00:00,2025-05-28T01:31:33+00:00,60341
2025-05-29,2025-05-29T02:18:49+00:00,2025-05-29T19:06:59+00:00,2025-05-29T00:05:24+00:00,2025-05-29T01:30:07+00:00,60490
2025-05-30,2025-05-30T02:17:46+00:00,2025-05-30T19:08:19+00:00,2025-05-30T00:02:31+00:00,2025-05-30T01:28:45+00:00,60633
2025-05-31,2025-05-31T02:16:46+00:00,2025-05-31T19:09:37+00:00,2025-05-30T23:59:39+00:00,2025-05-31T01:27:26+00:00,60771
2025-06-01,2025-06-01T02:15:48+00:00,2025-06-01T19:10:52+00:00,2025-05-31T23:56:48+00:00,2025-06-01T01:26:11+00:00,60904
2025-06-02,2025-06-02T02:14:54+00:00,2025-06-02T19:12:06+00:00,2025-06-01T23:53:59+00:00,2025-06-02T01:24:59+00:00,61032
2025-06-03,2025-06-03T02:14:04+00:00,2025-06-03T19:13:16+00:00,2025-06-02T23:51:12+00:00,2025-06-03T01:23:52+00:00,61152
2025-06-04,2025-06-04T02:13:16+00:00,2025-06-04T19:14:24+00:00,2025-06-03T23:48:27+00:00,2025-06-04T01:22:48+00:00,61268
2025-06-05,2025-06-05T02:12:32+00:00,2025-06-05T19:15:29+00:00,2025-06-04T23:45:44+00:00,2025-06-05T01:21:48+00:00,61377
2025-06-06,2025-06-06T02:11:51+00:00,2025-06-06T19:16:32+00:00,2025-06-05T23:43:04+00:00,2025-06-06T01:20:52+00:00,61481
2025-06-07,2025-06-07T02:11:14+00:00,2025-06-07T19:17:32+00:00,2025-06-06T23:40:28+00:00,2025-06-07T01:20:00+00:00,61578
2025-06-08,2025-06-08T02:10:40+00:00,2025-06-08T19:18:29+00:00,2025-06-07T23:37:55+00:00,2025-06-08T01:19:12+00:00,61669
2025-06-09,2025-06-09T02:10:10+00:00,2025-06-09T19:19:23+00:00,2025-06-08T23:35:27+00:00,2025-06-09T01:18:29+00:00,61753
2025-06-10,2025-06-10T02:09:43+00:00,2025-06-10T19:20:13+00:00,2025-06-09T23:33:05+00:00,2025-06-10T01:17:50+00:00,61830
2025-06-11,2025-06-11T02:09:19+00:00,2025-06-11T19:21:01+00:00,2025-06-10T23:30:48+00:00,2025-06-11T01:17:15+00:00,61902
2025-06-12,2025-06-12T02:08:59+00:00,2025-06-12T19:21:46+00:00,2025-06-11T23:28:39+00:00,2025-06-12T01:16:45+00:00,61967
2025-06-13,2025-06-13T02:08:43+00:00,2025-06-13T19:22:27+00:00,2025-06-12T23:26:38+00:00,2025-06-13T01:16:20+00:00,62024
2025-06-14,2025-06-14T02:08:31+00:00,2025-06-14T19:23:05+00:00,2025-06-13T23:24:48+00:00,2025-06-14T01:15:59+00:00,62074
2025-06-15,2025-06-15T02:08:22+00:00,2025-06-15T19:23:40+00:00,2025-06-14T23:23:09+00:00,2025-06-15T01:15:43+00:00,62118
2025-06-16,2025-06-16T02:08:16+00:00,2025-06-16T19:24:11+00:00,2025-06-15T23:21:44+00:00,2025-06-16T01:15:31+00:00,62155
2025-06-17,2025-06-17T02:08:14+00:00,2025-06-17T19:24:39+00:00,2025-06-16T23:20:35+00:00,2025-06-17T01:15:25+00:00,62185
2025-06-18,2025-06-18T02:08:16+00:00,2025-06-18T19:25:03+00:00,2025-06-17T23:19:43+00:00,2025-06-18T01:15:23+00:00,62207
2025-06-19,2025-06-19T02:08:22+00:00,2025-06-19T19:25:24+00:00,2025-06-18T23:19:10+00:00,2025-06-19T01:15:26+00:00,62222
2025-06-20,2025-06-20T02:08:30+00:00,2025-06-20T19:25:41+00:00,2025-06-19T23:18:58+00:00,2025-06-20T01:15:33+00:00,62231
2025-06-21,2025-06-21T02:08:43+00:00,2025-06-21T19:25:55+00:00,2025-06-20T23:19:08+00:00,2025-06-21T01:15:46+00:00,62232
2025-06-22,2025-06-22T02:08:59+00:00,2025-06-22T19:26:05+00:00,2025-06-21T23:19:39+00:00,2025-06-22T01:16:03+00:00,62226
2025-06-23,2025-06-23T02:09:19+00:00,2025-06-23T19:26:11+00:00,2025-06-22T23:20:32+00:00,2025-06-23T01:16:24+00:00,62212
2025-06-24,2025-06-24T02:09:42+00:00,2025-06-24T19:26:14+00:00,2025-06-23T23:21:44+00:00,2025-06-24T01:16:51+00:00,62192
2025-06-25,2025-06-25T02:10:08+00:00,2025-06-25T19:26:13+00:00,2025-06-24T23:23:13+00:00,2025-06-25T01:17:22+00:00,62165
2025-06-26,2025-06-26T02:10:38+00:00,2025-06-26T19:26:08+00:00,2025-06-25T23:24:59+00:00,2025-06-26T01:17:57+00:00,62130
2025-06-27,2025-06-27T02:11:11+00:00,2025-06-27T19:26:00+00:00,2025-06-26T23:26:59+00:00,2025-06-27T01:18:37+00:00,62089
2025-06-28,2025-06-28T02:11:48+00:00,2025-06-28T19:25:48+00:00,2025-06-27T23:29:11+00:00,2025-06-28T01:19:21+00:00,62040
2025-06-29,2025-06-29T02:12:27+00:00,2025-06-29T19:25:33+00:00,2025-06-28T23:31:33+00:00,2025-06-29T01:20:10+00:00,61986
2025-06-30,2025-06-30T02:13:10+00:00,2025-06-30T19:25:13+00:00,2025-06-29T23:34:03+00:00,2025-06-30T01:21:03+00:00,61923
2025-07-01,2025-07-01T02:13:56+00:00,2025-07-01T19:24:51+00:00,2025-06-30T23:36:41+00:00,2025-07-01T01:22:00+00:00,61855
2025-07-02,2025-07-02T02:14:45+00:00,2025-07-02T19:24:24+00:00,2025-07-01T23:39:25+00:00,2025-07-02T01:23:00+00:00,61779
2025-07-03,2025-07-03T02:15:38+00:00,2025-07-03T19:23:54+00:00,2025-07-02T23:42:14+00:00,2025-07-03T01:24:05+00:00,61696
2025-07-04,2025-07-04T02:16:32+00:00,2025-07-04T19:23:21+00:00,2025-07-03T23:45:07+00:00,2025-07-04T01:25:13+00:00,61609
2025-07-05,2025-07-05T02:17:30+00:00,2025-07-05T19:22:44+00:00,2025-07-04T23:48:03+00:00,2025-07-05T01:26:25+00:00,61514
2025-07-06,2025-07-06T02:18:31+00:00,2025-07-06T19:22:03+00:00,2025-07-05T23:51:02+00:00,2025-07-06T01:27:41+00:00,61412
2025-07-07,2025-07-07T02:19:34+00:00,2025-07-07T19:21:20+00:00,2025-07-06T23:54:03+00:00,2025-07-07T01:29:00+00:00,61306
2025-07-08,2025-07-08T02:20:40+00:00,2025-07-08T19:20:32+00:00,2025-07-07T23:57:07+00:00,2025-07-08T01:30:22+00:00,61192
2025-07-09,2025-07-09T02:21:48+00:00,2025-07-09T19:19:42+00:00,2025-07-09T00:00:11+00:00,2025-07-09T01:31:47+00:00,61074
2025-07-10,2025-07-10T02:22:59+00:00,2025-07-10T19:18:48+00:00,2025-07-10T00:03:17+00:00,2025-07-10T01:33:15+00:00,60949
2025-07-11,2025-07-11T02:24:12+00:00,2025-07-11T19:17:51+00:00,2025-07-11T00:06:23+00:00,2025-07-11T01:34:46+00:00,60819
2025-07-12,2025-07-12T02:25:27+00:00,2025-07-12T19:16:51+00:00,2025-07-12T00:09:31+00:00,2025-07-12T01:36:19+00:00,60684
2025-07-13,2025-07-13T02:26:45+00:00,2025-07-13T19:15:48+00:00,2025-07-13T00:12:38+00:00,2025-07-13T01:37:55+00:00,60543
2025-07-14,2025-07-14T02:28:04+00:00,2025-07-14T19:14:42+00:00,2025-07-14T00:15:46+00:00,2025-07-14T01:39:34+00:00,60398
2025-07-15,2025-07-15T02:29:26+00:00,2025-07-15T19:13:32+00:00,2025-07-15T00:18:53+00:00,2025-07-15T01:41:14+00:00,60246
2025-07-16,2025-07-16T02:30:49+00:00,2025-07-16T19:12:20+00:00,2025-07-16T00:22:01+00:00,2025-07-16T01:42:57+00:00,60091
2025-07-17,2025-07-17T02:32:14+00:00,2025-07-17T19:11:05+00:00,2025-07-17T00:25:08+00:00,2025-07-17T01:44:42+00:00,59931
2025-07-18,2025-07-18T02:33:42+00:00,2025-07-18T19:09:47+00:00,2025-07-18T00:28:15+00:00,2025-07-18T01:46:29+00:00,59765
2025-07-19,2025-07-19T02:35:10+00:00,2025-07-19T19:08:26+00:00,2025-07-19T00:31:21+00:00,2025-07-19T01:48:18+00:00,59596
2025-07-20,2025-07-20T02:36:40+00:00,2025-07-20T19:07:03+00:00,2025-07-20T00:34:27+00:00,2025-07-20T01:50:08+00:00,59423
2025-07-21,2025-07-21T02:38:12+00:00,2025-07-21T19:05:37+00:00,2025-07-21T00:37:32+00:00,2025-07-21T01:52:00+00:00,59245
2025-07-22,2025-07-22T02:39:45+00:00,2025-07-22T19:04:09+00:00,2025-07-22T00:40:37+00:00,2025-07-22T01:53:53+00:00,59064
2025-07-23,2025-07-23T02:41:20+00:00,2025-07-23T19:02:38+00:00,2025-07-23T00:43:40+00:00,2025-07-23T01:55:47+00:00,58878
2025-07-24,2025-07-24T02:42:56+00:00,2025-07-24T19:01:04+00:00,2025-07-24T00:46:43+00:00,2025-07-24T01:57:43+00:00,58688
2025-07-25,2025-07-25T02:44:32+00:00,2025-07-25T18:59:29+00:00,2025-07-25T00:49:45+00:00,2025-07-25T01:59:40+00:00,58497
2025-07-26,2025-07-26T02:46:11+00:00,2025-07-26T18:57:50+00:00,2025-07-26T00:52:45+00:00,2025-07-26T02:01:38+00:00,58299
2025-07-27,2025-07-27T02:47:50+00:00,2025-07-27T18:56:10+00:00,2025-07-27T00:55:45+00:00,2025-07-27T02:03:36+00:00,58100
2025-07-28,2025-07-28T02:49:30+00:00,2025-07-28T18:54:28+00:00,2025-07-28T00:58:44+00:00,2025-07-28T02:05:36+00:00,57898
2025-07-29,2025-07-29T02:51:11+00:00,2025-07-29T18:52:43+00:00,2025-07-29T01:01:42+00:00,2025-07-29T02:07:36+00:00,57692
2025-07-30,2025-07-30T02:52:52+00:00,2025-07-30T18:50:56+00:00,2025-07-30T01:04:38+00:00,2025-07-30T02:09:37+00:00,57484
2025-07-31,2025-07-31T02:54:35+00:00,2025-07-31T18:49:08+00:00,2025-07-31T01:07:33+00:00,2025-07-31T02:11:38+00:00,57273
2025-08-01,2025-08-01T02:56:18+00:00,2025-08-01T18:47:17+00:00,2025-08-01T01:10:27+00:00,2025-08-01T02:13:40+00:00,57059
2025-08-02,2025-08-02T02:58:02+00:00,2025-08-02T18:45:25+00:00,2025-08-02T01:13:20+00:00,2025-08-02T02:15:43+00:00,56843
2025-08-03,2025-08-03T02:59:47+00:00,2025-08-03T18:43:30+00:00,2025-08-03T01:16:12+00:00,2025-08-03T02:17:45+00:00,56623
2025-08-04,2025-08-04T03:01:32+00:00,2025-08-04T18:41:34+00:00,2025-08-04T01:19:02+00:00,2025-08-04T02:19:48+00:00,56402
2025-08-05,2025-08-05T03:03:18+00:00,2025-08-05T18:39:36+00:00,2025-08-05T01:21:51+00:00,2025-08-05T02:21:51+00:00,56178
2025-08-06,2025-08-06T03:05:04+00:00,2025-08-06T18:37:37+00:00,2025-08-06T01:24:39+00:00,2025-08-06T02:23:55+00:00,55953
2025-08-07,2025-08-07T03:06:50+00:00,2025-08-07T18:35:36+00:00,2025-08-07T01:27:26+00:00,2025-08-07T02:25:58+00:00,55726
2025-08-08,2025-08-08T03:08:37+00:00,2025-08-08T18:33:33+00:00,2025-08-08T01:30:11+00:00,2025-08-08T02:28:02+00:00,55496
2025-08-09,2025-08-09T03:10:24+00:00,2025-08-09T18:31:29+00:00,2025-08-09T01:32:55+00:00,2025-08-09T02:30:06+00:00,55265
2025-08-10,2025-08-10T03:12:12+00:00,2025-08-10T18:29:24+00:00,2025-08-10T01:35:38+00:00,2025-08-10T02:32:09+00:00,55032
2025-08-11,2025-08-11T03:14:00+00:00,2025-08-11T18:27:17+00:00,2025-08-11T01:38:19+00:00,2025-08-11T02:34:13+00:00,54797
2025-08-12,2025-08-12T03:15:48+00:00,2025-08-12T18:25:09+00:00,2025-08-12T01:40:59+00:00,2025-08-12T02:36:16+00:00,54561
2025-08-13,2025-08-13T03:17:36+00:00,2025-08-13T18:22:59+00:00,2025-08-13T01:43:38+00:00,2025-08-13T02:38:19+00:00,54323
2025-08-14,2025-08-14T03:19:24+00:00,2025-08-14T18:20:48+00:00,2025-08-14T01:46:15+00:00,2025-08-14T02:40:22+00:00,54084
2025-08-15,2025-08-15T03:21:13+00:00,2025-08-15T18:18:36+00:00,2025-08-15T01:48:51+00:00,2025-08-15T02:42:25+00:00,53843
2025-08-16,2025-08-16T03:23:01+00:00,2025-08-16T18:16:23+00:00,2025-08-16T01:51:26+00:00,2025-08-16T02:44:28+00:00,53602
2025-08-17,2025-08-17T03:24:50+00:00,2025-08-17T18:14:08+00:00,2025-08-17T01:54:00+00:00,2025-08-17T02:46:31+00:00,53358
2025-08-18,2025-08-18T03:26:39+00:00,2025-08-18T18:11:53+00:00,2025-08-18T01:56:32+00:00,2025-08-18T02:48:33+00:00,53114
2025-08-19,2025-08-19T03:28:28+00:00,2025-08-19T18:09:37+00:00,2025-08-19T01:59:03+00:00,2025-08-19T02:50:35+00:00,52869
2025-08-20,2025-08-20T03:30:17+00:00,2025-08-20T18:07:19+00:00,2025-08-20T02:01:33+00:00,2025-08-20T02:52:36+00:00,52622
2025-08-21,2025-08-21T03:32:05+00:00,2025-08-21T18:05:01+00:00,2025-08-21T02:04:01+00:00,2025-08-21T02:54:37+00:00,52376
2025-08-22,2025-08-22T03:33:54+00:00,2025-08-22T18:02:41+00:00,2025-08-22T02:06:28+00:00,2025-08-22T02:56:38+00:00,52127
2025-08-23,2025-08-23T03:35:43+00:00,2025-08-23T18:00:21+00:00,2025-08-23T02:08:54+00:00,2025-08-23T02:58:39+00:00,51878
2025-08-24,2025-08-24T03:37:32+00:00,2025-08-24T17:58:00+00:00,2025-08-24T02:11:19+00:00,2025-08-24T03:00:39+00:00,51628
2025-08-25,2025-08-25T03:39:21+00:00,2025-08-25T17:55:38+00:00,2025-08-25T02:13:43+00:00,2025-08-25T03:02:39+00:00,51377
2025-08-26,2025-08-26T03:41:10+00:00,2025-08-26T17:53:16+00:00,2025-08-26T02:16:05+00:00,2025-08-26T03:04:38+00:00,51126
2025-08-27,2025-08-27T03:42:58+00:00,2025-08-27T17:50:52+00:00,2025-08-27T02:18:27+00:00,2025-08-27T03:06:37+00:00,50874
2025-08-28,2025-08-28T03:44:47+00:00,2025-08-28T17:48:28+00:00,2025-08-28T02:20:47+00:00,2025-08-28T03:08:36+00:00,50621
2025-08-29,2025-08-29T03:46:35+00:00,2025-08-29T17:46:04+00:00,2025-08-29T02:23:06+00:00,2025-08-29T03:10:34+00:00,50369
2025-08-30,2025-08-30T03:48:24+00:00,2025-08-30T17:43:38+00:00,2025-08-30T02:25:24+00:00,2025-08-30T03:12:32+00:00,50114
2025-08-31,2025-08-31T03:50:12+00:00,2025-08-31T17:41:12+00:00,2025-08-31T02:27:40+00:00,2025-08-31T03:14:29+00:00,49860
2025-09-01,2025-09-01T03:52:01+00:00,2025-09-01T17:38:46+00:00,2025-09-01T02:29:56+00:00,2025-09-01T03:16:27+00:00,49605
2025-09-02,2025-09-02T03:53:49+00:00,2025-09-02T17:36:19+00:00,2025-09-02T02:32:11+00:00,2025-09-02T03:18:23+00:00,49350
2025-09-03,2025-09-03T03:55:38+00:00,2025-09-03T17:33:52+00:00,2025-09-03T02:34:24+00:00,2025-09-03T03:20:20+00:00,49094
2025-09-04,2025-09-04T03:57:26+00:00,2025-09-04T17:31:24+00:00,2025-09-04T02:36:37+00:00,2025-09-04T03:22:16+00:00,48838
2025-09-05,2025-09-05T03:59:14+00:00,2025-09-05T17:28:55+00:00,2025-09-05T02:38:49+00:00,2025-09-05T03:24:11+00:00,48581
2025-09-06,2025-09-06T04:01:02+00:00,2025-09-06T17:26:27+00:00,2025-09-06T02:40:59+00:00,2025-09-06T03:26:06+00:00,48325
2025-09-07,2025-09-07T04:02:50+00:00,2025-09-07T17:23:58+00:00,2025-09-07T02:43:09+00:00,2025-09-07T03:28:01+00:00,48068
2025-09-08,2025-09-08T04:04:38+00:00,2025-09-08T17:21:28+00:00,2025-09-08T02:45:18+00:00,2025-09-08T03:29:56+00:00,47810
2025-09-09,2025-09-09T04:06:26+00:00,2025-09-09T17:18:58+00:00,2025-09-09T02:47:26+00:00,2025-09-09T03:31:50+00:00,47552
2025-09-10,2025-09-10T04:08:14+00:00,2025-09-10T17:16:28+00:00,2025-09-10T02:49:33+00:00,2025-09-10T03:33:44+00:00,47294
2025-09-11,2025-09-11T04:10:02+00:00,2025-09-11T17:13:58+00:00,2025-09-11T02:51:39+00:00,2025-09-11T03:35:38+00:00,47036
2025-09-12,2025-09-12T04:11:50+00:00,2025-09-12T17:11:28+00:00,2025-09-12T02:53:44+00:00,2025-09-12T03:37:31+00:00,46778
2025-09-13,2025-09-13T04:13:38+00:00,2025-09-13T17:08:57+00:00,2025-09-13T02:55:49+00:00,2025-09-13T03:39:24+00:00,46519
2025-09-14,2025-09-14T04:15:26+00:00,2025-09-14T17:06:26+00:00,2025-09-14T02:57:53+00:00,2025-09-14T03:41:17+00:00,46260
2025-09-15,2025-09-15T04:17:15+00:00,2025-09-15T17:03:55+00:00,2025-09-15T02:59:56+00:00,2025-09-15T03:43:09+00:00,46000
2025-09-16,2025-09-16T04:19:03+00:00,2025-09-16T17:01:24+00:00,2025-09-16T03:01:58+00:00,2025-09-16T03:45:01+00:00,45741
2025-09-17,2025-09-17T04:20:51+00:00,2025-09-17T16:58:53+00:00,2025-09-17T03:03:59+00:00,2025-09-17T03:46:53+00:00,45482
2025-09-18,2025-09-18T04:22:39+00:00,2025-09-18T16:56:22+00:00,2025-09-18T03:06:00+00:00,2025-09-18T03:48:45+00:00,45223
2025-09-19,2025-09-19T04:24:27+00:00,2025-09-19T16:53:51+00:00,2025-09-19T03:08:00+00:00,2025-09-19T03:50:36+00:00,44964
2025-09-20,2025-09-20T04:26:16+00:00,2025-09-20T16:51:20+00:00,2025-09-20T03:10:00+00:00,2025-09-20T03:52:28+00:00,44704
2025-09-21,2025-09-21T04:28:04+00:00,2025-09-21T16:48:49+00:00,2025-09-21T03:11:59+00:00,2025-09-21T03:54:19+00:00,44445
2025-09-22,2025-09-22T04:29:53+00:00,2025-09-22T16:46:18+00:00,2025-09-22T03:13:57+00:00,2025-09-22T03:56:10+00:00,44185
2025-09-23,2025-09-23T04:31:42+00:00,2025-09-23T16:43:47+00:00,2025-09-23T03:15:55+00:00,2025-09-23T03:58:00+00:00,43925
2025-09-24,2025-09-24T04:33:31+00:00,2025-09-24T16:41:16+00:00,2025-09-24T03:17:52+00:00,2025-09-24T03:59:51+00:00,43665
2025-09-25,2025-09-25T04:35:20+00:00,2025-09-25T16:38:45+00:00,2025-09-25T03:19:48+00:00,2025-09-25T04:01:42+00:00,43405
2025-09-26,2025-09-26T04:37:09+00:00,2025-09-26T16:36:15+00:00,2025-09-26T03:21:45+00:00,2025-09-26T04:03:32+00:00,43146
2025-09-27,2025-09-27T04:38:58+00:00,2025-09-27T16:33:45+00:00,2025-09-27T03:23:40+00:00,2025-09-27T04:05:22+00:00,42887
2025-09-28,2025-09-28T04:40:48+00:00,2025-09-28T16:31:15+00:00,2025-09-28T03:25:35+00:00,2025-09-28T04:07:13+00:00,42627
2025-09-29,2025-09-29T04:42:38+00:00,2025-09-29T16:28:45+00:00,2025-09-29T03:27:30+00:00,2025-09-29T04:09:03+00:00,42367
2025-09-30,2025-09-30T04:44:28+00:00,2025-09-30T16:26:16+00:00,2025-09-30T03:29:24+00:00,2025-09-30T04:10:53+00:00,42108
2025-10-01,2025-10-01T04:46:18+00:00,2025-10-01T16:23:47+00:00,2025-10-01T03:31:18+00:00,2025-10-01T04:12:43+00:00,41849
2025-10-02,2025-10-02T04:48:08+00:00,2025-10-02T16:21:18+00:00,2025-10-02T03:33:11+00:00,2025-10-02T04:14:33+00:00,41590
2025-10-03,2025-10-03T04:49:59+00:00,2025-10-03T16:18:50+00:00,2025-10-03T03:35:04+00:00,2025-10-03T04:16:23+00:00,41331
2025-10-04,2025-10-04T04:51:50+00:00,2025-10-04T16:16:22+00:00,2025-10-04T03:36:57+00:00,2025-10-04T04:18:13+00:00,41072
2025-10-05,2025-10-05T04:53:41+00:00,2025-10-05T16:13:54+00:00,2025-10-05T03:38:49+00:00,2025-10-05T04:20:03+00:00,40813
2025-10-06,2025-10-06T04:55:33+00:00,2025-10-06T16:11:27+00:00,2025-10-06T03:40:41+00:00,2025-10-06T04:21:53+00:00,40554
2025-10-07,2025-10-07T04:57:24+00:00,2025-10-07T16:09:01+00:00,2025-10-07T03:42:32+00:00,2025-10-07T04:23:43+00:00,40297
2025-10-08,2025-10-08T04:59:16+00:00,2025-10-08T16:06:35+00:00,2025-10-08T03:44:23+00:00,2025-10-08T04:25:33+00:00,40039
2025-10-09,2025-10-09T05:01:09+00:00,2025-10-09T16:04:10+00:00,2025-10-09T03:46:14+00:00,2025-10-09T04:27:23+00:00,39781
2025-10-10,2025-10-10T05:03:01+00:00,2025-10-10T16:01:45+00:00,2025-10-10T03:48:05+00:00,2025-10-10T04:29:13+00:00,39524
2025-10-11,2025-10-11T05:04:54+00:00,2025-10-11T15:59:21+00:00,2025-10-11T03:49:55+00:00,2025-10-11T04:31:03+00:00,39267
2025-10-12,2025-10-12T05:06:48+00:00,2025-10-12T15:56:58+00:00,2025-10-12T03:51:45+00:00,2025-10-12T04:32:53+00:00,39010
2025-10-13,2025-10-13T05:08:41+00:00,2025-10-13T15:54:35+00:00,2025-10-13T03:53:35+00:00,2025-10-13T04:34:43+00:00,38754
2025-10-14,2025-10-14T05:10:35+00:00,2025-10-14T15:52:13+00:00,2025-10-14T03:55:25+00:00,2025-10-14T04:36:33+00:00,38498
2025-10-15,2025-10-15T05:12:29+00:00,2025-10-15T15:49:52+00:00,2025-10-15T03:57:14+00:00,2025-10-15T04:38:24+00:00,38243
2025-10-16,2025-10-16T05:14:24+00:00,2025-10-16T15:47:32+00:00,2025-10-16T03:59:03+00:00,2025-10-16T04:40:14+00:00,37988
2025-10-17,2025-10-17T05:16:18+00:00,2025-10-17T15:45:12+00:00,2025-10-17T04:00:52+00:00,2025-10-17T04:42:04+00:00,37734
2025-10-18,2025-10-18T05:18:13+00:00,2025-10-18T15:42:54+00:00,2025-10-18T04:02:40+00:00,2025-10-18T04:43:55+00:00,37481
2025-10-19,2025-10-19T05:20:09+00:00,2025-10-19T15:40:36+00:00,2025-10-19T04:04:29+00:00,2025-10-19T04:45:45+00:00,37227
2025-10-20,2025-10-20T05:22:04+00:00,2025-10-20T15:38:20+00:00,2025-10-20T04:06:17+00:00,2025-10-20T04:47:36+00:00,36976
2025-10-21,2025-10-21T05:24:00+00:00,2025-10-21T15:36:04+00:00,2025-10-21T04:08:05+00:00,2025-10-21T04:49:27+00:00,36724
2025-10-22,2025-10-22T05:25:56+00:00,2025-10-22T15:33:50+00:00,2025-10-22T04:09:52+00:00,2025-10-22T04:51:17+00:00,36474
2025-10-23,2025-10-23T05:27:53+00:00,2025-10-23T15:31:36+00:00,2025-10-23T04:11:40+00:00,2025-10-23T04:53:08+00:00,36223
2025-10-24,2025-10-24T05:29:50+00:00,2025-10-24T15:29:24+00:00,2025-10-24T04:13:27+00:00,2025-10-24T04:54:59+00:00,35974
2025-10-25,2025-10-25T05:31:46+00:00,2025-10-25T15:27:13+00:00,2025-10-25T04:15:14+00:00,2025-10-25T04:56:49+00:00,35727
2025-10-26,2025-10-26T05:33:44+00:00,2025-10-26T15:25:03+00:00,2025-10-26T04:17:01+00:00,2025-10-26T04:58:40+00:00,35479
2025-10-27,2025-10-27T05:35:41+00:00,2025-10-27T15:22:55+00:00,2025-10-27T04:18:47+00:00,2025-10-27T05:00:31+00:00,35234
2025-10-28,2025-10-28T05:37:38+00:00,2025-10-28T15:20:48+00:00,2025-10-28T04:20:33+00:00,2025-10-28T05:02:21+00:00,34990
2025-10-29,2025-10-29T05:39:36+00:00,2025-10-29T15:18:42+00:00,2025-10-29T04:22:19+00:00,2025-10-29T05:04:12+00:00,34746
2025-10-30,2025-10-30T05:41:34+00:00,2025-10-30T15:16:38+00:00,2025-10-30T04:24:05+00:00,2025-10-30T05:06:02+00:00,34504
2025-10-31,2025-10-31T05:43:31+00:00,2025-10-31T15:14:35+00:00,2025-10-31T04:25:50+00:00,2025-10-31T05:07:52+00:00,34264
2025-11-01,2025-11-01T05:45:29+00:00,2025-11-01T15:12:33+00:00,2025-11-01T04:27:35+00:00,2025-11-01T05:09:42+00:00,34024
2025-11-02,2025-11-02T05:47:27+00:00,2025-11-02T15:10:34+00:00,2025-11-02T04:29:19+00:00,2025-11-02T05:11:32+00:00,33787
2025-11-03,2025-11-03T05:49:25+00:00,2025-11-03T15:08:36+00:00,2025-11-03T04:31:03+00:00,2025-11-03T05:13:22+00:00,33551
2025-11-04,2025-11-04T05:51:23+00:00,2025-11-04T15:06:39+00:00,2025-11-04T04:32:47+00:00,2025-11-04T05:15:12+00:00,33316
2025-11-05,2025-11-05T05:53:21+00:00,2025-11-05T15:04:44+00:00,2025-11-05T04:34:30+00:00,2025-11-05T05:17:01+00:00,33083
2025-11-06,2025-11-06T05:55:18+00:00,2025-11-06T15:02:52+00:00,2025-11-06T04:36:13+00:00,2025-11-06T05:18:50+00:00,32854
2025-11-07,2025-11-07T05:57:16+00:00,2025-11-07T15:01:01+00:00,2025-11-07T04:37:56+00:00,2025-11-07T05:20:39+00:00,32625
2025-11-08,2025-11-08T05:59:13+00:00,2025-11-08T14:59:11+00:00,2025-11-08T04:39:38+00:00,2025-11-08T05:22:27+00:00,32398
2025-11-09,2025-11-09T06:01:10+00:00,2025-11-09T14:57:24+00:00,2025-11-09T04:41:19+00:00,2025-11-09T05:24:15+00:00,32174
2025-11-10,2025-11-10T06:03:06+00:00,2025-11-10T14:55:39+00:00,2025-11-10T04:43:00+00:00,2025-11-10T05:26:03+00:00,31953
2025-11-11,2025-11-11T06:05:02+00:00,2025-11-11T14:53:56+00:00,2025-11-11T04:44:40+00:00,2025-11-11T05:27:49+00:00,31734
2025-11-12,2025-11-12T06:06:58+00:00,2025-11-12T14:52:15+00:00,2025-11-12T04:46:19+00:00,2025-11-12T05:29:36+00:00,31517
2025-11-13,2025-11-13T06:08:53+00:00,2025-11-13T14:50:37+00:00,2025-11-13T04:47:58+00:00,2025-11-13T05:31:22+00:00,31304
2025-11-14,2025-11-14T06:10:48+00:00,2025-11-14T14:49:00+00:00,2025-11-14T04:49:36+00:00,2025-11-14T05:33:07+00:00,31092
2025-11-15,2025-11-15T06:12:42+00:00,2025-11-15T14:47:26+00:00,2025-11-15T04:51:13+00:00,2025-11-15T05:34:51+00:00,30884
2025-11-16,2025-11-16T06:14:35+00:00,2025-11-16T14:45:55+00:00,2025-11-16T04:52:50+00:00,2025-11-16T05:36:35+00:00,30680
2025-11-17,2025-11-17T06:16:27+00:00,2025-11-17T14:44:26+00:00,2025-11-17T04:54:25+00:00,2025-11-17T05:38:17+00:00,30479
2025-11-18,2025-11-18T06:18:19+00:00,2025-11-18T14:42:59+00:00,2025-11-18T04:56:00+00:00,2025-11-18T05:39:59+00:00,30280
2025-11-19,2025-11-19T06:20:09+00:00,2025-11-19T14:41:35+00:00,2025-11-19T04:57:33+00:00,2025-11-19T05:41:40+00:00,30086
2025-11-20,2025-11-20T06:21:59+00:00,2025-11-20T14:40:14+00:00,2025-11-20T04:59:06+00:00,2025-11-20T05:43:20+00:00,29895
2025-11-21,2025-11-21T06:23:47+00:00,2025-11-21T14:38:55+00:00,2025-11-21T05:00:38+00:00,2025-11-21T05:44:59+00:00,29708
2025-11-22,2025-11-22T06:25:34+00:00,2025-11-22T14:37:40+00:00,2025-11-22T05:02:08+00:00,2025-11-22T05:46:36+00:00,29526
2025-11-23,2025-11-23T06:27:20+00:00,2025-11-23T14:36:27+00:00,2025-11-23T05:03:37+00:00,2025-11-23T05:48:13+00:00,29347
2025-11-24,2025-11-24T06:29:05+00:00,2025-11-24T14:35:17+00:00,2025-11-24T05:05:05+00:00,2025-11-24T05:49:48+00:00,29172
2025-11-25,2025-11-25T06:30:48+00:00,2025-11-25T14:34:10+00:00,2025-11-25T05:06:32+00:00,2025-11-25T05:51:22+00:00,29002
2025-11-26,2025-11-26T06:32:29+00:00,2025-11-26T14:33:06+00:00,2025-11-26T05:07:57+00:00,2025-11-26T05:52:54+00:00,28837
2025-11-27,2025-11-27T06:34:09+00:00,2025-11-27T14:32:05+00:00,2025-11-27T05:09:21+00:00,2025-11-27T05:54:24+00:00,28676
2025-11-28,2025-11-28T06:35:47+00:00,2025-11-28T14:31:08+00:00,2025-11-28T05:10:44+00:00,2025-11-28T05:55:54+00:00,28521
2025-11-29,2025-11-29T06:37:23+00:00,2025-11-29T14:30:14+00:00,2025-11-29T05:12:04+00:00,2025-11-29T05:57:21+00:00,28371
2025-11-30,2025-11-30T06:38:57+00:00,2025-11-30T14:29:23+00:00,2025-11-30T05:13:24+00:00,2025-11-30T05:58:47+00:00,28226
2025-12-01,2025-12-01T06:40:30+00:00,2025-12-01T14:28:35+00:00,2025-12-01T05:14:41+00:00,2025-12-01T06:00:10+00:00,28085
2025-12-02,2025-12-02T06:42:00+00:00,2025-12-02T14:27:51+00:00,2025-12-02T05:15:57+00:00,2025-12-02T06:01:32+00:00,27951
2025-12-03,2025-12-03T06:43:27+00:00,2025-12-03T14:27:10+00:00,2025-12-03T05:17:11+00:00,2025-12-03T06:02:52+00:00,27823
2025-12-04,2025-12-04T06:44:53+00:00,2025-12-04T14:26:33+00:00,2025-12-04T05:18:23+00:00,2025-12-04T06:04:10+00:00,27700
2025-12-05,2025-12-05T06:46:16+00:00,2025-12-05T14:26:00+00:00,2025-12-05T05:19:34+00:00,2025-12-05T06:05:26+00:00,27584
2025-12-06,2025-12-06T06:47:36+00:00,2025-12-06T14:25:30+00:00,2025-12-06T05:20:42+00:00,2025-12-06T06:06:39+00:00,27474
2025-12-07,2025-12-07T06:48:54+00:00,2025-12-07T14:25:04+00:00,2025-12-07T05:21:48+00:00,2025-12-07T06:07:50+00:00,27370
2025-12-08,2025-12-08T06:50:09+00:00,2025-12-08T14:24:41+00:00,2025-12-08T05:22:52+00:00,2025-12-08T06:08:59+00:00,27272
2025-12-09,2025-12-09T06:51:21+00:00,2025-12-09T14:24:22+00:00,2025-12-09T05:23:54+00:00,2025-12-09T06:10:05+00:00,27181
2025-12-10,2025-12-10T06:52:30+00:00,2025-12-10T14:24:07+00:00,2025-12-10T05:24:54+00:00,2025-12-10T06:11:09+00:00,27097
2025-12-11,2025-12-11T06:53:36+00:00,2025-12-11T14:23:56+00:00,2025-12-11T05:25:51+00:00,2025-12-11T06:12:10+00:00,27020
2025-12-12,2025-12-12T06:54:39+00:00,2025-12-12T14:23:49+00:00,2025-12-12T05:26:47+00:00,2025-12-12T06:13:09+00:00,26950
2025-12-13,2025-12-13T06:55:39+00:00,2025-12-13T14:23:45+00:00,2025-12-13T05:27:39+00:00,2025-12-13T06:14:05+00:00,26886
2025-12-14,2025-12-14T06:56:36+00:00,2025-12-14T14:23:45+00:00,2025-12-14T05:28:30+00:00,2025-12-14T06:14:58+00:00,26829
2025-12-15,2025-12-15T06:57:30+00:00,2025-12-15T14:23:50+00:00,2025-12-15T05:29:17+00:00,2025-12-15T06:15:48+00:00,26780
2025-12-16,2025-12-16T06:58:20+00:00,2025-12-16T14:23:58+00:00,2025-12-16T05:30:02+00:00,2025-12-16T06:16:35+00:00,26738
2025-12-17,2025-12-17T06:59:06+00:00,2025-12-17T14:24:10+00:00,2025-12-17T05:30:45+00:00,2025-12-17T06:17:19+00:00,26704
2025-12-18,2025-12-18T06:59:49+00:00,2025-12-18T14:24:25+00:00,2025-12-18T05:31:25+00:00,2025-12-18T06:18:01+00:00,26676
2025-12-19,2025-12-19T07:00:29+00:00,2025-12-19T14:24:45+00:00,2025-12-19T05:32:02+00:00,2025-12-19T06:18:39+00:00,26656
2025-12-20,2025-12-20T07:01:05+00:00,2025-12-20T14:25:09+00:00,2025-12-20T05:32:37+00:00,2025-12-20T06:19:14+00:00,26644
2025-12-21,2025-12-21T07:01:37+00:00,2025-12-21T14:25:36+00:00,2025-12-21T05:33:08+00:00,2025-12-21T06:19:46+00:00,26639
2025-12-22,2025-12-22T07:02:06+00:00,2025-12-22T14:26:07+00:00,2025-12-22T05:33:37+00:00,2025-12-22T06:20:15+00:00,26641
2025-12-23,2025-12-23T07:02:31+00:00,2025-12-23T14:26:42+00:00,2025-12-23T05:34:03+00:00,2025-12-23T06:20:40+00:00,26651
2025-12-24,2025-12-24T07:02:52+00:00,2025-12-24T14:27:20+00:00,2025-12-24T05:34:27+00:00,2025-12-24T06:21:03+00:00,26668
2025-12-25,2025-12-25T07:03:09+00:00,2025-12-25T14:28:02+00:00,2025-12-25T05:34:47+00:00,2025-12-25T06:21:22+00:00,26693
2025-12-26,2025-12-26T07:03:23+00:00,2025-12-26T14:28:48+00:00,2025-12-26T05:35:04+00:00,2025-12-26T06:21:37+00:00,26725
2025-12-27,2025-12-27T07:03:33+00:00,2025-12-27T14:29:37+00:00,2025-12-27T05:35:19+00:00,2025-12-27T06:21:50+00:00,26764
2025-12-28,2025-12-28T07:03:38+00:00,2025-12-28T14:30:30+00:00,2025-12-28T05:35:30+00:00,2025-12-28T06:21:59+00:00,26812
2025-12-29,2025-12-29T07:03:41+00:00,2025-12-29T14:31:27+00:00,2025-12-29T05:35:38+00:00,2025-12-29T06:22:05+00:00,26866
2025-12-30,2025-12-30T07:03:39+00:00,2025-12-30T14:32:26+00:00,2025-12-30T05:35:44+00:00,2025-12-30T06:22:07+00:00,26927
2025-12-31,2025-12-31T07:03:33+00:00,2025-12-31T14:33:29+00:00,2025-12-31T05:35:46+00:00,2025-12-31T06:22:06+00:00,26996
